"Time (s)","Latitude (°)","Longitude (°)","Height (m)","Velocity (m/s)","Direction (°)","Horizontal Accuracy (m)","Vertical Accuracy (m)"
0.000000000E0,6.501664550E1,2.551322040E1,1.973261677E1,NaN,NaN,5.240000153E1,7.641275406E0
8.419551195E0,6.501665909E1,2.551318445E1,-2.252060726E1,9.599999785E-1,9.909999847E1,2.264655495E1,6.727066040E1
8.588363956E0,6.501672130E1,2.551324465E1,1.116778011E1,3.799999952E-1,1.666000061E2,5.547372818E0,8.958246231E0
9.587713955E0,6.501674961E1,2.551319983E1,2.084612016E1,0.000000000E0,NaN,5.151887417E0,7.800424576E0
1.058774395E1,6.501677522E1,2.551321284E1,2.601645902E1,0.000000000E0,NaN,4.340675831E0,6.047641754E0
1.158764510E1,6.501676193E1,2.551321949E1,2.212058881E1,6.399999857E-1,7.619999695E1,4.012720108E0,4.877907753E0
1.258821624E1,6.501675051E1,2.551321950E1,2.357200875E1,2.000000030E-1,1.663000031E2,3.790092468E0,4.052775860E0
1.358777187E1,6.501674706E1,2.551321342E1,2.458702527E1,4.099999964E-1,1.683999939E2,3.790092468E0,3.564197063E0
1.458759869E1,6.501674075E1,2.551323447E1,2.359160270E1,1.529999971E0,8.959999847E1,3.790092468E0,3.300574780E0
1.558816786E1,6.501673879E1,2.551324351E1,2.175578692E1,4.699999988E-1,5.090000153E1,3.790092468E0,3.159083366E0
1.658785666E1,6.501673440E1,2.551323299E1,2.102092634E1,6.700000167E-1,2.660000000E2,3.790092468E0,3.057754278E0
1.758841062E1,6.501673050E1,2.551323345E1,1.952880116E1,4.600000083E-1,3.391000061E2,3.790092468E0,2.907885313E0
1.858790708E1,6.501672796E1,2.551324729E1,1.982396649E1,7.500000000E-1,7.219999695E1,3.790092468E0,3.192845106E0
1.958756984E1,6.501672289E1,2.551326520E1,1.785442275E1,1.070000052E0,1.059000015E2,3.790092468E0,3.503500223E0
2.058763364E1,6.501671998E1,2.551328889E1,1.684984344E1,1.210000038E0,8.580000305E1,3.790092468E0,3.460607767E0
2.158768556E1,6.501671809E1,2.551330587E1,1.722233974E1,5.600000024E-1,9.009999847E1,3.790092468E0,3.499187708E0
2.258709182E1,6.501671675E1,2.551331495E1,1.678776886E1,0.000000000E0,NaN,3.790092468E0,3.413218975E0
2.358694958E1,6.501671531E1,2.551333118E1,1.671544086E1,4.799999893E-1,8.040000153E1,3.790092468E0,3.163703918E0
2.458744567E1,6.501671296E1,2.551335962E1,1.674723778E1,8.399999738E-1,9.450000000E1,3.790092468E0,2.810357809E0
2.558723593E1,6.501670955E1,2.551339416E1,1.706309199E1,1.190000057E0,9.630000305E1,3.790092468E0,2.613620996E0
2.658740515E1,6.501670686E1,2.551342606E1,1.713858981E1,1.070000052E0,9.850000000E1,3.790092468E0,2.500000000E0
2.758660770E1,6.501670119E1,2.551345779E1,1.729660819E1,1.330000043E0,1.079000015E2,3.790092468E0,2.587045431E0
2.858740806E1,6.501669585E1,2.551349121E1,1.819370098E1,1.620000005E0,1.071999969E2,3.790092468E0,2.541118622E0
2.958726301E1,6.501669289E1,2.551352512E1,1.787637640E1,1.700000048E0,9.359999847E1,3.790092468E0,2.726049900E0
3.058736483E1,6.501668715E1,2.551355869E1,1.801388679E1,1.700000048E0,1.021999969E2,3.790092468E0,2.821826696E0
3.158676353E1,6.501667811E1,2.551357858E1,1.791470552E1,1.269999981E0,1.109000015E2,3.790092468E0,2.814003468E0
3.258669009E1,6.501666750E1,2.551359181E1,1.818588687E1,1.279999971E0,1.075999985E2,3.790092468E0,2.701845646E0
3.358720218E1,6.501665835E1,2.551360684E1,1.863101771E1,1.309999943E0,1.100000000E2,3.790092468E0,2.672559023E0
3.458714483E1,6.501665207E1,2.551361934E1,1.874649697E1,1.120000005E0,9.540000153E1,3.790092468E0,2.585163355E0
3.558744124E1,6.501664288E1,2.551362398E1,1.810502011E1,9.800000191E-1,1.198000031E2,3.790092468E0,2.726404905E0
3.658744462E1,6.501663532E1,2.551361788E1,1.738084126E1,4.300000072E-1,1.475000000E2,3.790092468E0,2.846970320E0
3.758722420E1,6.501663042E1,2.551360899E1,1.628196700E1,2.599999905E-1,1.723000031E2,3.790092468E0,2.799468279E0
3.858647321E1,6.501662718E1,2.551358805E1,1.605925318E1,0.000000000E0,NaN,3.790092468E0,2.745868206E0
3.958678660E1,6.501662583E1,2.551356944E1,1.590953651E1,0.000000000E0,NaN,3.790092468E0,2.728337765E0
4.058667868E1,6.501662497E1,2.551355156E1,1.567675074E1,0.000000000E0,NaN,3.790092468E0,2.719612122E0
4.158734103E1,6.501662345E1,2.551354121E1,1.575060496E1,0.000000000E0,NaN,3.790092468E0,2.796004057E0
4.258687676E1,6.501662171E1,2.551352837E1,1.571032381E1,0.000000000E0,NaN,3.790092468E0,2.800601006E0
4.358659660E1,6.501661797E1,2.551352031E1,1.538360481E1,2.599999905E-1,2.620000000E2,3.790092468E0,2.731089115E0
4.458687160E1,6.501661405E1,2.551351604E1,1.457678291E1,1.700000018E-1,2.421000061E2,3.790092468E0,2.667130470E0
4.558696759E1,6.501661417E1,2.551353042E1,1.424383447E1,6.800000072E-1,9.200000000E1,3.790092468E0,2.733435869E0
4.658665967E1,6.501662071E1,2.551355289E1,1.441478916E1,6.499999762E-1,6.350000000E1,3.790092468E0,3.004278898E0
4.758691597E1,6.501662814E1,2.551357293E1,1.446849528E1,6.499999762E-1,5.300000000E1,3.790092468E0,3.063264370E0
4.858668852E1,6.501663726E1,2.551359569E1,1.489073080E1,8.299999833E-1,4.950000000E1,3.790092468E0,3.208806753E0
4.958676566E1,6.501664292E1,2.551361764E1,1.564774542E1,5.400000215E-1,8.700000000E1,3.790092468E0,3.217052937E0
5.058641842E1,6.501664085E1,2.551363994E1,1.521634713E1,8.500000238E-1,1.438999939E2,3.790092468E0,3.336851597E0
5.158680248E1,6.501663329E1,2.551365865E1,1.444645015E1,1.049999952E0,1.570000000E2,3.790092468E0,3.602837324E0
5.258723545E1,6.501662641E1,2.551367719E1,1.379300804E1,9.499999881E-1,1.513999939E2,4.136973381E0,3.932038307E0
5.358691738E1,6.501662319E1,2.551367926E1,1.200626575E1,7.200000286E-1,1.800000000E2,3.790092468E0,3.852513313E0
5.458704086E1,6.501662191E1,2.551366336E1,9.899578527E0,7.799999714E-1,2.253999939E2,3.790092468E0,3.762897253E0
5.558735222E1,6.501662568E1,2.551363867E1,8.923139589E0,8.899999857E-1,2.580000000E2,3.790092468E0,3.456985712E0
5.658654269E1,6.501662725E1,2.551360737E1,9.054307133E0,1.169999957E0,2.686000061E2,3.790092468E0,3.504031181E0
5.758710633E1,6.501662261E1,2.551354973E1,9.885797163E0,1.679999948E0,2.446000061E2,3.790092468E0,3.509697199E0
5.858668482E1,6.501662030E1,2.551352530E1,1.182970940E1,1.700000018E-1,2.438999939E2,3.790092468E0,3.410135508E0
5.958704383E1,6.501661559E1,2.551351073E1,1.141131667E1,0.000000000E0,NaN,3.790092468E0,3.346948624E0
6.058712076E1,6.501660582E1,2.551349785E1,1.181067450E1,4.099999964E-1,1.831999969E2,3.790092468E0,3.463655949E0
6.158690368E1,6.501660055E1,2.551347654E1,1.122022462E1,9.800000191E-1,2.550000000E2,3.790092468E0,3.199845314E0
6.258716362E1,6.501660565E1,2.551343876E1,1.174616707E1,1.340000033E0,3.045000000E2,3.790092468E0,2.982299805E0
6.358675633E1,6.501661658E1,2.551340533E1,1.294459238E1,1.509999990E0,3.042000122E2,3.790092468E0,2.907844067E0
6.458701925E1,6.501662814E1,2.551337444E1,1.364020957E1,1.539999962E0,3.037999878E2,3.790092468E0,2.673524380E0
6.558662597E1,6.501664333E1,2.551335105E1,1.406751413E1,1.659999967E0,3.182999878E2,3.790092468E0,2.500000000E0
6.658712138E1,6.501665851E1,2.551333398E1,1.512756943E1,1.440000057E0,3.198999939E2,3.790092468E0,2.500000000E0
6.758690091E1,6.501667168E1,2.551331807E1,1.596612871E1,1.309999943E0,3.136000061E2,3.790092468E0,2.500000000E0
6.858665841E1,6.501668433E1,2.551329874E1,1.677679550E1,1.450000048E0,3.117000122E2,3.790092468E0,2.500000000E0
6.958703726E1,6.501669740E1,2.551327774E1,1.778094377E1,1.470000029E0,3.098999939E2,3.790092468E0,2.500000000E0
7.058699971E1,6.501670992E1,2.551325782E1,1.808746027E1,1.460000038E0,3.130000000E2,3.790092468E0,2.500000000E0
7.158748164E1,6.501672091E1,2.551323714E1,1.806975863E1,1.389999986E0,3.070000000E2,3.790092468E0,2.500000000E0
7.258661049E1,6.501672953E1,2.551321175E1,1.784813988E1,1.419999957E0,2.987999878E2,3.790092468E0,2.500000000E0
7.358681804E1,6.501673657E1,2.551318306E1,1.799602888E1,1.539999962E0,2.968999939E2,3.790092468E0,2.500000000E0
7.458659737E1,6.501674526E1,2.551315032E1,1.803027030E1,1.720000029E0,2.990000000E2,3.790092468E0,2.500000000E0
7.558702659E1,6.501675360E1,2.551311995E1,1.824670153E1,1.639999986E0,2.991000061E2,3.790092468E0,2.500000000E0
7.658752320E1,6.501676098E1,2.551308834E1,1.784179533E1,1.720000029E0,3.006000061E2,3.790092468E0,2.500000000E0
7.758694846E1,6.501676982E1,2.551305710E1,1.781640519E1,1.759999990E0,3.062999878E2,3.790092468E0,2.500000000E0
7.858654231E1,6.501677959E1,2.551302773E1,1.813757213E1,1.720000029E0,3.027000122E2,3.790092468E0,2.500000000E0
7.958721429E1,6.501678749E1,2.551299729E1,1.795190390E1,1.710000038E0,3.007000122E2,3.790092468E0,2.500000000E0
8.058669893E1,6.501679714E1,2.551296782E1,1.805688437E1,1.720000029E0,3.042000122E2,3.790092468E0,2.500000000E0
8.158652757E1,6.501681211E1,2.551294290E1,1.902441133E1,1.909999967E0,3.222000122E2,3.790092468E0,2.500000000E0
8.258734632E1,6.501682714E1,2.551291773E1,1.957726545E1,1.899999976E0,3.148999939E2,3.790092468E0,2.500000000E0
8.358718627E1,6.501683644E1,2.551288570E1,1.952166283E1,1.840000033E0,2.981000061E2,3.790092468E0,2.500000000E0
8.458689544E1,6.501684328E1,2.551285503E1,1.946484021E1,1.700000048E0,2.977000122E2,3.790092468E0,2.500000000E0
8.558745387E1,6.501685131E1,2.551282615E1,1.911132507E1,1.669999957E0,3.006000061E2,3.790092468E0,2.500000000E0
8.658716575E1,6.501685953E1,2.551279533E1,1.928844974E1,1.809999943E0,2.972000122E2,3.790092468E0,2.500000000E0
8.758719403E1,6.501686682E1,2.551276457E1,1.903820656E1,1.700000048E0,2.985000000E2,3.790092468E0,2.500000000E0
8.858702294E1,6.501687397E1,2.551273517E1,1.867907655E1,1.740000010E0,3.012000122E2,3.790092468E0,2.500000000E0
8.958718846E1,6.501688118E1,2.551270625E1,1.835845966E1,1.649999976E0,3.030000000E2,3.790092468E0,2.500000000E0
9.058717757E1,6.501688824E1,2.551267469E1,1.819702279E1,1.759999990E0,3.022999878E2,3.790092468E0,2.500000000E0
9.158663335E1,6.501689454E1,2.551264321E1,1.811963159E1,1.730000019E0,3.001000061E2,3.790092468E0,2.500000000E0
9.258678069E1,6.501690187E1,2.551261030E1,1.844208151E1,1.769999981E0,3.000000000E2,3.790092468E0,2.500000000E0
9.358690085E1,6.501690907E1,2.551257987E1,1.863153558E1,1.740000010E0,3.006000061E2,3.790092468E0,2.500000000E0
9.458703434E1,6.501691714E1,2.551254724E1,1.845050621E1,1.860000014E0,3.077999878E2,3.790092468E0,2.500000000E0
9.558653622E1,6.501692701E1,2.551251576E1,1.876410499E1,1.889999986E0,3.067999878E2,3.790092468E0,2.500000000E0
9.658730788E1,6.501693541E1,2.551248237E1,1.883203799E1,1.879999995E0,3.011000061E2,3.790092468E0,2.500000000E0
9.758697819E1,6.501694353E1,2.551244792E1,1.902606983E1,1.860000014E0,3.022000122E2,3.790092468E0,2.500000000E0
9.858724710E1,6.501695131E1,2.551241596E1,1.901081196E1,1.769999981E0,3.028999939E2,3.790092468E0,2.500000000E0
9.958681939E1,6.501696165E1,2.551238355E1,1.900397612E1,1.889999986E0,3.092000122E2,3.790092468E0,2.500000000E0
1.005869490E2,6.501697857E1,2.551236279E1,1.984760056E1,2.089999914E0,3.342000122E2,3.790092468E0,2.500000000E0
1.015873793E2,6.501699871E1,2.551236050E1,1.924835072E1,2.009999990E0,3.592000122E2,3.790092468E0,2.500000000E0
1.025868121E2,6.501701699E1,2.551235824E1,1.961327388E1,1.809999943E0,3.532000122E2,3.790092468E0,2.500000000E0
1.035871932E2,6.501703384E1,2.551234792E1,2.009617940E1,1.740000010E0,3.486000061E2,3.790092468E0,2.500000000E0
1.045870129E2,6.501705153E1,2.551233322E1,2.012718082E1,1.919999957E0,3.425000000E2,3.790092468E0,2.500000000E0
1.055868955E2,6.501706720E1,2.551230789E1,1.973624810E1,1.950000048E0,3.362000122E2,3.790092468E0,2.500000000E0
1.065865329E2,6.501708217E1,2.551228168E1,1.923209551E1,1.940000057E0,3.331000061E2,3.790092468E0,2.500000000E0
1.075874517E2,6.501709406E1,2.551225530E1,1.849387416E1,1.720000029E0,3.263999939E2,3.790092468E0,2.500000000E0
1.085873865E2,6.501710452E1,2.551222864E1,1.820578762E1,1.779999971E0,3.212999878E2,3.790092468E0,2.500000000E0
1.095868990E2,6.501711520E1,2.551220030E1,1.816318459E1,1.870000005E0,3.181000061E2,3.790092468E0,2.500000000E0
1.105865438E2,6.501712609E1,2.551217023E1,1.782175356E1,1.879999995E0,3.166000061E2,3.790092468E0,2.500000000E0
1.115868851E2,6.501713713E1,2.551214529E1,1.759616663E1,1.759999990E0,3.210000000E2,3.790092468E0,2.500000000E0
1.125868880E2,6.501715054E1,2.551212549E1,1.760336638E1,1.850000024E0,3.283999939E2,3.790092468E0,2.500000000E0
1.135869416E2,6.501716519E1,2.551210924E1,1.762173474E1,1.769999981E0,3.312000122E2,3.790092468E0,2.500000000E0
1.145868826E2,6.501717936E1,2.551209358E1,1.756795965E1,1.720000029E0,3.323999939E2,3.790092468E0,2.500000000E0
1.155874854E2,6.501719273E1,2.551207697E1,1.755855750E1,1.730000019E0,3.320000000E2,3.790092468E0,2.500000000E0
1.165873935E2,6.501720718E1,2.551206176E1,1.759316117E1,1.769999981E0,3.350000000E2,3.790092468E0,2.500000000E0
1.175867973E2,6.501722218E1,2.551204760E1,1.747468835E1,1.820000052E0,3.362000122E2,3.790092468E0,2.500000000E0
1.185872119E2,6.501723670E1,2.551203226E1,1.762782228E1,1.759999990E0,3.327000122E2,3.790092468E0,2.500000000E0
1.195866384E2,6.501724988E1,2.551201300E1,1.761683358E1,1.750000000E0,3.262999878E2,3.790092468E0,2.500000000E0
1.205865619E2,6.501726181E1,2.551198753E1,1.742194707E1,1.850000024E0,3.181000061E2,3.790092468E0,2.500000000E0
1.215871804E2,6.501727203E1,2.551195915E1,1.743567965E1,1.799999952E0,3.121000061E2,3.790092468E0,2.500000000E0
1.225868342E2,6.501728183E1,2.551192956E1,1.736970059E1,1.830000043E0,3.116000061E2,3.790092468E0,2.500000000E0
1.235868865E2,6.501729198E1,2.551190023E1,1.739045234E1,1.779999971E0,3.112999878E2,3.790092468E0,2.500000000E0
1.245870836E2,6.501730169E1,2.551186999E1,1.744288159E1,1.789999962E0,3.093999939E2,3.790092468E0,2.500000000E0
1.255872832E2,6.501731184E1,2.551183676E1,1.755561376E1,1.909999967E0,3.071000061E2,3.790092468E0,2.500000000E0
1.265868432E2,6.501732264E1,2.551180546E1,1.755530838E1,1.870000005E0,3.093999939E2,3.790092468E0,2.500000000E0
1.275871986E2,6.501733352E1,2.551177601E1,1.764039094E1,1.799999952E0,3.102999878E2,3.790092468E0,2.500000000E0
1.285866936E2,6.501734310E1,2.551174731E1,1.779273461E1,1.679999948E0,3.076000061E2,3.790092468E0,2.500000000E0
1.295865404E2,6.501735164E1,2.551172249E1,1.792334969E1,1.519999981E0,3.080000000E2,3.790092468E0,2.500000000E0
1.305871320E2,6.501736027E1,2.551169045E1,1.821576974E1,1.820000052E0,3.012000122E2,3.790092468E0,2.500000000E0
1.315869809E2,6.501736606E1,2.551166059E1,1.798847618E1,1.460000038E0,2.940000000E2,3.790092468E0,2.500000000E0
1.325873615E2,6.501737040E1,2.551162696E1,1.808534125E1,1.629999995E0,2.853999939E2,3.790092468E0,2.500000000E0
1.335870674E2,6.501737599E1,2.551159080E1,1.814521887E1,1.720000029E0,2.887999878E2,3.790092468E0,2.500000000E0
1.345868124E2,6.501737650E1,2.551155520E1,1.831203177E1,1.730000019E0,2.707999878E2,3.790092468E0,2.500000000E0
1.355869115E2,6.501737080E1,2.551152301E1,1.822109497E1,1.509999990E0,2.541999969E2,3.790092468E0,2.500000000E0
1.365867230E2,6.501736428E1,2.551149037E1,1.836630351E1,1.730000019E0,2.516999969E2,3.790092468E0,2.500000000E0
1.375873536E2,6.501735503E1,2.551145722E1,1.855637390E1,1.889999986E0,2.401999969E2,3.790092468E0,2.500000000E0
1.385866190E2,6.501734270E1,2.551143118E1,1.839970383E1,1.850000024E0,2.276999969E2,3.790092468E0,2.500000000E0
1.395873820E2,6.501732918E1,2.551141400E1,1.819939304E1,1.690000057E0,2.168000031E2,3.790092468E0,2.500000000E0
1.405868016E2,6.501731431E1,2.551140492E1,1.807763405E1,1.690000057E0,2.123000031E2,3.790092468E0,2.500000000E0
1.415873586E2,6.501729919E1,2.551139444E1,1.830994025E1,1.750000000E0,2.063000031E2,3.790092468E0,2.500000000E0
1.425872745E2,6.501728616E1,2.551138269E1,1.816016579E1,1.539999962E0,2.076000061E2,3.790092468E0,2.500000000E0
1.435873256E2,6.501727318E1,2.551137565E1,1.827009538E1,1.480000019E0,1.996000061E2,3.790092468E0,2.500000000E0
1.445867635E2,6.501725918E1,2.551136844E1,1.822224946E1,1.559999943E0,1.990000000E2,3.790092468E0,2.500000000E0
1.455871728E2,6.501724543E1,2.551136314E1,1.820479874E1,1.559999943E0,1.958000031E2,3.790092468E0,2.500000000E0
1.465865678E2,6.501723180E1,2.551136128E1,1.806967182E1,1.539999962E0,1.870000000E2,3.790092468E0,2.500000000E0
1.475866355E2,6.501721760E1,2.551136154E1,1.807382708E1,1.559999943E0,1.846000061E2,3.790092468E0,2.500000000E0
1.485871722E2,6.501720390E1,2.551135664E1,1.790006526E1,1.539999962E0,1.901999969E2,3.790092468E0,2.500000000E0
1.495867835E2,6.501718976E1,2.551135556E1,1.797251899E1,1.559999943E0,1.868000031E2,3.790092468E0,2.500000000E0
1.505869456E2,6.501717596E1,2.551135227E1,1.793370576E1,1.519999981E0,1.890000000E2,3.790092468E0,2.500000000E0
1.515874436E2,6.501716255E1,2.551134925E1,1.781286112E1,1.529999971E0,1.888000031E2,3.790092468E0,2.500000000E0
1.525872446E2,6.501714768E1,2.551134699E1,1.758880645E1,1.769999981E0,1.871999969E2,3.790092468E0,2.500000000E0
1.535866238E2,6.501713270E1,2.551134650E1,1.754163149E1,1.799999952E0,1.833999939E2,3.790092468E0,2.500000000E0
1.545868146E2,6.501711732E1,2.551134840E1,1.766486657E1,1.919999957E0,1.793000031E2,3.790092468E0,2.500000000E0
1.555872413E2,6.501710167E1,2.551134874E1,1.763282847E1,1.940000057E0,1.808000031E2,3.790092468E0,2.500000000E0
1.565873834E2,6.501708319E1,2.551134331E1,1.774373634E1,2.049999952E0,1.868000031E2,3.790092468E0,2.500000000E0
1.575865825E2,6.501706466E1,2.551134409E1,1.763815182E1,2.009999990E0,1.795000000E2,3.790092468E0,2.500000000E0
1.585873096E2,6.501704425E1,2.551134631E1,1.769351750E1,2.200000048E0,1.778000031E2,3.790092468E0,2.500000000E0
1.595868229E2,6.501702494E1,2.551134324E1,1.768607822E1,2.099999905E0,1.841999969E2,3.790092468E0,2.500000000E0
1.605868172E2,6.501700541E1,2.551134320E1,1.773082373E1,2.130000114E0,1.798999939E2,3.790092468E0,2.500000000E0
1.615869471E2,6.501698563E1,2.551134269E1,1.783489556E1,2.130000114E0,1.798999939E2,3.790092468E0,2.500000000E0
1.625870432E2,6.501696543E1,2.551134294E1,1.766778824E1,2.230000019E0,1.811000061E2,3.790092468E0,2.500000000E0
1.635871521E2,6.501694563E1,2.551134294E1,1.778553189E1,2.190000057E0,1.811999969E2,3.790092468E0,2.500000000E0
1.645865384E2,6.501692766E1,2.551134602E1,1.815272524E1,2.049999952E0,1.788000031E2,3.790092468E0,2.500000000E0
1.655873766E2,6.501690959E1,2.551135208E1,1.832204232E1,2.059999943E0,1.773000031E2,3.790092468E0,2.500000000E0
1.665866484E2,6.501689126E1,2.551135298E1,1.859078633E1,1.990000010E0,1.846000061E2,3.790092468E0,2.500000000E0
1.675868170E2,6.501687348E1,2.551135325E1,1.886856343E1,1.960000038E0,1.846000061E2,3.790092468E0,2.500000000E0
1.685867401E2,6.501685512E1,2.551135173E1,1.906522521E1,2.029999971E0,1.828999939E2,3.790092468E0,2.500000000E0
1.695874357E2,6.501683666E1,2.551135174E1,1.869773890E1,1.960000038E0,1.793000031E2,3.790092468E0,2.500000000E0
1.705869411E2,6.501681782E1,2.551135297E1,1.836138052E1,1.960000038E0,1.768999939E2,3.790092468E0,2.500000000E0
1.715873306E2,6.501680051E1,2.551135297E1,1.836797829E1,1.950000048E0,1.778999939E2,3.790092468E0,2.500000000E0
1.725872773E2,6.501678498E1,2.551135042E1,1.809997856E1,1.879999995E0,1.830000000E2,3.790092468E0,2.500000000E0
1.735871726E2,6.501676870E1,2.551134390E1,1.771698931E1,1.899999976E0,1.850000000E2,3.790092468E0,2.500000000E0
1.745867288E2,6.501675142E1,2.551133899E1,1.750831662E1,1.980000019E0,1.836000061E2,3.790092468E0,2.500000000E0
1.755874137E2,6.501673446E1,2.551133840E1,1.755892069E1,1.870000005E0,1.788999939E2,3.790092468E0,2.500000000E0
1.765867590E2,6.501671972E1,2.551133869E1,1.757076656E1,1.820000052E0,1.798999939E2,3.790092468E0,2.500000000E0
1.775872596E2,6.501670305E1,2.551133993E1,1.764401436E1,1.919999957E0,1.783999939E2,3.790092468E0,2.500000000E0
1.785872938E2,6.501668649E1,2.551134122E1,1.766281875E1,1.850000024E0,1.758000031E2,3.790092468E0,2.500000000E0
1.795869507E2,6.501667115E1,2.551133870E1,1.757591027E1,1.830000043E0,1.811000061E2,3.790092468E0,2.500000000E0
1.805872623E2,6.501665722E1,2.551133507E1,1.772484126E1,1.700000048E0,1.843999939E2,3.790092468E0,2.500000000E0
1.815866846E2,6.501664057E1,2.551133012E1,1.769536759E1,1.879999995E0,1.838999939E2,3.790092468E0,2.500000000E0
1.825873118E2,6.501662727E1,2.551132816E1,1.830078011E1,1.820000052E0,1.805000000E2,3.892643929E0,2.500000000E0
1.835865143E2,6.501661347E1,2.551131990E1,1.810071256E1,1.509999990E0,1.856999969E2,4.242234230E0,2.500000000E0
1.845874398E2,6.501660035E1,2.551130869E1,1.758051572E1,1.409999967E0,1.995000000E2,3.790092468E0,2.500000000E0
1.855866873E2,6.501658142E1,2.551131131E1,1.768074168E1,1.799999952E0,1.818999939E2,3.790092468E0,2.500000000E0
1.865873602E2,6.501656473E1,2.551131269E1,1.773921896E1,1.860000014E0,1.820000000E2,3.790092468E0,2.500000000E0
1.875870163E2,6.501655116E1,2.551131368E1,1.772542959E1,1.500000000E0,1.801999969E2,3.790092468E0,2.500000000E0
1.885868049E2,6.501653828E1,2.551131909E1,1.780606086E1,1.350000024E0,1.736000061E2,3.790092468E0,2.500000000E0
1.895874633E2,6.501652735E1,2.551132842E1,1.788455479E1,1.149999976E0,1.656000061E2,3.790092468E0,2.500000000E0
1.905871440E2,6.501651964E1,2.551134211E1,1.815555200E1,8.600000143E-1,1.505000000E2,3.790092468E0,2.500000000E0
1.915868542E2,6.501651725E1,2.551135788E1,1.816275319E1,5.899999738E-1,1.095000000E2,3.790092468E0,2.500000000E0
